language,word,translation,type,family,case,added by,Created,Definition
🇩🇪,das Plätzchen,galleta navideña,Nomen,,Nominativ,Coco Guerra,"July 3, 2024 4:34 PM",
🇩🇪,der Niere,el riñon,Nomen,,,Coco Guerra,"December 21, 2023 12:28 PM",
🇩🇪,die Krawatte,la corbayta,Nomen,,,Coco Guerra,"December 21, 2023 9:30 AM",
🇩🇪,flicken,reparar,Verb,,,Coco Guerra,"December 18, 2023 12:04 PM",
🇩🇪,fangen,capturar,Verb,,,Coco Guerra,"December 15, 2023 10:43 AM",
🇩🇪,das Essbesteck,cubiertos,Nomen,,,Coco Guerra,"December 15, 2023 9:27 AM",
🇩🇪,Wechselkurs,tipo de cambio,Nomen,,,Coco Guerra,"November 13, 2023 10:41 AM",
🇩🇪,Stau,atasco,Nomen,,Nominativ,Coco Guerra,"November 13, 2023 9:24 AM",
🇩🇪,lebhaft,lively / activo,Adjektive,,,Coco Guerra,"September 28, 2023 8:17 AM",
🇩🇪,das Wohnzimmer,la sala,Nomen,,,Coco Guerra,"September 27, 2023 8:21 PM",
🇩🇪,der Fremdenführer,el guia,Nomen,,,Coco Guerra,"September 27, 2023 8:18 PM",
🇩🇪,erkundigen,preguntar sobre algo / interesarse por algo,Verb,,Akkusativ,Coco Guerra,"September 5, 2023 4:36 PM",
🇩🇪,schlendern,"pasear ",Verb,,,Coco Guerra,"September 2, 2023 1:38 PM",
🇩🇪,die Neuigkeit,novedad,Nomen,,Nominativ,Coco Guerra,"August 28, 2023 9:23 AM",
🇩🇪,ausleihen,"borrow / pedir prestado ",Verb,,Akkusativ,Coco Guerra,"August 28, 2023 8:55 AM",
🇩🇪,der Brustkorb,pecho,Nomen,,,Coco Guerra,"June 5, 2023 10:46 AM",
🇩🇪,unterstreichen,subrayar,Verb,,Akkusativ,Coco Guerra,"May 29, 2023 11:58 AM",
🇩🇪,liefern,delivery / hacer entrega de algo,Verb,,,Coco Guerra,"May 18, 2023 12:41 PM",
🇩🇪,der Lieferservice,el servicio de entrega,Nomen,,,Coco Guerra,"May 18, 2023 12:41 PM",
🇩🇪,die Lieferkosten,delivery costs,Nomen,,,Coco Guerra,"May 18, 2023 12:40 PM",
🇩🇪,der Mindestbestellwert,Mínimum order value,Nomen,,,Coco Guerra,"May 18, 2023 12:40 PM",
🇩🇪,schlau,pícaro,Adjektive,,,Coco Guerra,"May 18, 2023 12:37 PM",
🇩🇪,mitsprachen,decir conjuntamente,Verb,,Nominativ,Coco Guerra,"May 16, 2023 9:51 AM",
🇩🇪,durchhalten,aguantar algo / mantenerse firme,Verb,,Akkusativ,Coco Guerra,"May 16, 2023 9:44 AM",
🇩🇪,hinfallen,caer,Verb,,Akkusativ,Coco Guerra,"May 16, 2023 9:38 AM",
🇩🇪,"die Sehnsucht ","la añoranza ",Nomen,,,Coco Guerra,"March 14, 2023 10:00 AM",
🇩🇪,der Wandel,el cambio,Nomen,,,Coco Guerra,"March 14, 2023 9:56 AM",
🇩🇪,"die Gesellschaft ","la compañía ",Nomen,,,Coco Guerra,"March 14, 2023 9:55 AM",
🇩🇪,beitragen,contribute,Verb,,,Coco Guerra,"February 21, 2023 8:23 AM",
🇩🇪,abstimmen,votar,Verb,,,Coco Guerra,"February 21, 2023 8:23 AM",
🇩🇪,austrocknen,"secarse ",Verb,,,Coco Guerra,"February 4, 2023 1:59 PM",
🇩🇪,die Bestellung,orden / compras / solicitud,Nomen,,,Coco Guerra,"January 20, 2023 9:34 AM",
🇩🇪,stammen,proceder / provenir,Verb,,,Coco Guerra,"January 17, 2023 3:51 PM",
🇩🇪,Flüchtling,refugiado,Nomen,,,Coco Guerra,"January 17, 2023 10:52 AM",
🇩🇪,"anstrengend ","fatigoso / agotador / cansador ",Adjektive,,,Coco Guerra,"January 15, 2023 10:31 AM",
🇩🇪,verzeihen,"dispersar/ perdonar a alguien ",Verb,,Akkusativ,Coco Guerra,"January 15, 2023 9:45 AM",
🇩🇪,"bedrückt ","decaído / deprimido ",Adjektive,,,Coco Guerra,"January 15, 2023 9:32 AM",
🇩🇪,ernst,Grave / serio / con seriedad,Adjektive,,,Coco Guerra,"January 15, 2023 9:27 AM",
🇩🇪,düster,sombrío / funebre,Adjektive,,,Coco Guerra,"January 15, 2023 9:22 AM",
🇩🇪,"die Auskunft ","razón / declaración ",Nomen,,,Coco Guerra,"January 8, 2023 9:35 AM",
🇩🇪,Mist!,Mierda / coño,Expresaron,,,Coco Guerra,"January 8, 2023 9:30 AM",
🇩🇪,kraftlos,"sin potencia / sin fuerza ",Adverbien,,,Coco Guerra,"January 8, 2023 9:29 AM",
🇩🇪,"ausreden ","usar algo como excusa / tener una excusa preparada ",Verb,,Dativ,Coco Guerra,"January 1, 2023 8:27 AM",
🇩🇪,kümmern,"Hacerse cargo de ",Verb,,Akkusativ,Coco Guerra,"January 1, 2023 7:37 AM",
🇩🇪,bemalen,pintar algo,Verb,,,Coco Guerra,"December 31, 2022 4:33 PM",
🇩🇪,aufwendig,laborioso,Adjektive,,,Coco Guerra,"December 31, 2022 12:00 PM",
🇩🇪,"der Zustand ",estado/ condición /state,Nomen,,,Coco Guerra,"December 28, 2022 8:56 PM",
🇩🇪,das Durcheinander,confusion / lio / revuelo,Nomen,,,Coco Guerra,"November 8, 2022 10:27 AM",
🇩🇪,die Kugel,bola / esfera,Nomen,,,Coco Guerra,"November 8, 2022 10:26 AM",
🇩🇪,das Hilfsverb,verbo auxiliar,Nomen,,,Coco Guerra,"November 8, 2022 10:26 AM",
🇩🇪,die Erlaubnis,permiso,Nomen,,,Coco Guerra,"November 8, 2022 10:25 AM",
🇩🇪,das Verkehrsmittel,medio de transporte,Nomen,,,Coco Guerra,"November 8, 2022 10:25 AM",
🇩🇪,die Möglichkeit,opcion / posibilidad,Nomen,,,Coco Guerra,"November 8, 2022 10:24 AM",
🇩🇪,irgendwelche,cualquiera,Adverbien,,,Coco Guerra,"November 8, 2022 10:23 AM",
🇩🇪,fußball weltmeisterschaft,futbol world cup,Nomen,,,Coco Guerra,"November 8, 2022 10:23 AM",
🇩🇪,überqueren,atravezar algo / cruzar algo,Verb,,,Coco Guerra,"October 25, 2022 9:22 AM",
🇩🇪,die Wurst,the cold cut meat,Nomen,,,Coco Guerra,"October 25, 2022 9:21 AM",
🇩🇪,der Mittagsschlaf,La siesta,Nomen,,,Coco Guerra,"October 8, 2022 5:28 PM",
🇩🇪,"der Aufkleber ",pegatina,Nomen,,,Coco Guerra,"September 25, 2022 6:48 PM",
🇩🇪,die Koffer,la valija,Nomen,,,Coco Guerra,"September 25, 2022 6:47 PM",
🇩🇪,Teilmobilmachung,movilizacion oficial,Verb,,,Coco Guerra,"September 20, 2022 8:31 PM",
🇩🇪,vorbereiten,preparar,Verb,,,Coco Guerra,"September 20, 2022 8:30 PM",
🇩🇪,ankündigen,anunciado,Verb,,,Coco Guerra,"September 20, 2022 8:27 PM",
🇩🇪,vorantreiben,impulsar / avanzar / promover,Verb,,,Coco Guerra,"September 20, 2022 6:12 PM",
🇩🇪,https://dict.leo.org/german-english/das Gebiet,area / region / territorio,Nomen,,,Coco Guerra,"September 20, 2022 6:08 PM",
🇩🇪,https://dict.leo.org/spanisch-deutsch/kommend,entrante / venidero,Adjektive,,,Coco Guerra,"September 13, 2022 3:54 PM",
🇩🇪,einwandern,inmigrar en algo / inmigrar,Verb,,Akkusativ,Coco Guerra,"September 13, 2022 3:50 PM",
🇬🇧,grandiose,grandioso,Adjektive,,,Coco Guerra,"September 2, 2022 8:22 AM","Grandiose is most often used disapprovingly to describe something that seems impressive or is intended to be impressive, but is either not possible or practical."
🇩🇪,der Stamm,tronco/tallo,Nomen,,,Coco Guerra,"August 30, 2022 9:54 AM",
🇩🇪,ergeben,"suman/ tienen como resultado ",Verb,,,Coco Guerra,"August 30, 2022 9:53 AM",
🇩🇪,"bestehen ",existir,Verb,,,Coco Guerra,"August 30, 2022 9:48 AM",
🇩🇪,der Regenbogen,"arcoíris ",Nomen,,,Coco Guerra,"August 30, 2022 9:48 AM",
🇩🇪,bunt / farbig,colorida,Adjektive,,,Coco Guerra,"August 30, 2022 9:46 AM",
🇩🇪,außergewöhnlich,Extraordinario,Adjektive,,,Coco Guerra,"August 29, 2022 5:47 PM",
🇩🇪,"kurz gesagt ","in a nutshell ",,,,Coco Guerra,"August 28, 2022 12:26 PM",
🇩🇪,zuckerschlecken,"no ser fácil ",Adjektive,,,Coco Guerra,"August 25, 2022 1:19 PM",
🇩🇪,"tauschen ","cambiar algo ",Verb,,Akkusativ,Coco Guerra,"August 13, 2022 7:35 AM",
🇩🇪,die Abfahrt,"partidas ",Nomen,,,Coco Guerra,"August 12, 2022 9:56 AM",
🇩🇪,"diejenige ",aquellos,Adverbien,,,Coco Guerra,"August 12, 2022 9:55 AM",
🇩🇪,"stinken ","smell / apestar ",Verb,,Nominativ,Coco Guerra,"August 12, 2022 9:52 AM",
🇩🇪,"klebrig ","pegajozo ",Adjektive,,,Coco Guerra,"August 8, 2022 7:17 PM",
🇩🇪,lästig,embarazoso,Adjektive,,,Coco Guerra,"August 5, 2022 12:40 PM",
🇩🇪,überzeugen,"convencer ",Verb,,,Coco Guerra,"August 5, 2022 12:38 PM",
🇩🇪,herablassend,"condescendiente ",Adjektive,,,Coco Guerra,"August 5, 2022 12:34 PM",
🇩🇪,aufräumen,"ordenar algo ",Verb,,Akkusativ,Coco Guerra,"July 27, 2022 8:08 PM",
🇩🇪,"aufessen ","acabarse la comida ",Verb,,Akkusativ,Coco Guerra,"July 27, 2022 8:07 PM",
🇬🇧,"conundrum ","misterio / enigma ",,,,Coco Guerra,"July 26, 2022 7:47 PM",
🇩🇪,die Grenze,"frontera / límite ",Nomen,,Nominativ,Coco Guerra,"July 20, 2022 9:02 PM",
🇩🇪,kiffen,fumar porros,Verb,,Nominativ,Coco Guerra,"July 19, 2022 11:13 AM",
🇩🇪,umdrehen,"girar ",Verb,,Nominativ,Coco Guerra,"July 10, 2022 2:12 PM",
🇩🇪,mittlere,el del medio,Adjektive,,Nominativ,Coco Guerra,"June 26, 2022 12:43 PM",
🇩🇪,insgesamt,en total / por todo,Nomen,,Nominativ,Coco Guerra,"June 26, 2022 12:42 PM",
🇩🇪,die Umgebung,cercania / afueras / alrededores,Nomen,,Nominativ,Coco Guerra,"June 26, 2022 12:40 PM",
🇩🇪,der Verwandte,pariente,Nomen,,Nominativ,Coco Guerra,"June 26, 2022 12:38 PM",
🇩🇪,abschaffen,abolir / suprimir,Verb,,Akkusativ,Coco Guerra,"June 26, 2022 12:31 PM",
🇩🇪,https://dict.leo.org/spanisch-deutsch/rechtsradikal,facista / redical de derecha,Adverbien,,,Coco Guerra,"June 26, 2022 12:29 PM",
🇩🇪,früher war,used to be / solia ser / antes / antiguamente,Adverbien,,,Coco Guerra,"June 26, 2022 12:26 PM",
🇩🇪,die Gleichberechtigung,igualdad de derechos,Nomen,,Nominativ,Coco Guerra,"June 26, 2022 11:45 AM",
🇩🇪,farbenfroh,"colorido ",Adjektive,,,Coco Guerra,"May 22, 2022 12:48 PM",
🇩🇪,die Wiedergabegeschwindigkeit,velocidad de reproducción,Nomen,,Nominativ,Coco Guerra,"May 22, 2022 12:47 PM",
,unberechenbar,"impredecible ",Adjektive,,,Coco Guerra,"April 30, 2022 9:18 AM",
🇩🇪,bezwungen,conquistar / vencer / derrotar,Verb,,,Coco Guerra,"April 19, 2022 12:27 PM",
🇩🇪,gemütlich,"confortable ",Adjektive,,,Coco Guerra,"April 8, 2022 6:59 AM",
🇩🇪,https://dict.leo.org/spanisch-deutsch/largarsebhauen,largarse,Verb,,,Coco Guerra,"April 6, 2022 4:16 PM",
🇩🇪,der Bund,la federación,Nomen,,,Coco Guerra,"April 4, 2022 10:51 AM",
🇩🇪,abgeben,entregar algo / emitir algo,,,,Coco Guerra,"March 22, 2022 11:07 AM",
🇩🇪,abheben,retirar / despegar,Verb,,,Coco Guerra,"March 22, 2022 11:06 AM",
🇩🇪,vergehen,"transcurrir ",Verb,,Nominativ,Coco Guerra,"March 18, 2022 9:49 PM",
🇩🇪,"spenden ",donar,Verb,,Nominativ,Coco Guerra,"March 18, 2022 9:45 PM",
🇩🇪,"die Redewendung ","la expresión  / frase ",Nomen,,Nominativ,Coco Guerra,"March 18, 2022 9:42 PM",
🇩🇪,"loben ","ensalzar / alabar ",Verb,,Nominativ,Coco Guerra,"March 18, 2022 9:40 PM",
🇩🇪,die Fertigkeit,"la habilidad ",Nomen,,Nominativ,Coco Guerra,"March 9, 2022 6:46 AM",
🇩🇪,"je ",cuánto (más),Adjektive,,Nominativ,Coco Guerra,"March 1, 2022 12:37 PM",
🇩🇪,"desto ","tanto más ",Adjektive,,Nominativ,Coco Guerra,"March 1, 2022 12:36 PM",
🇩🇪,"aufpassen ",tener cuidado de alguien / niñera,Verb,,Dativ,Coco Guerra,"February 27, 2022 9:51 PM",
🇩🇪,der Eintritt,el ingreso,Nomen,,Nominativ,Coco Guerra,"February 27, 2022 9:44 PM",
🇩🇪,mitnehmen,"llevarse algo / jalar a alguien ",Verb,,Nominativ,Coco Guerra,"February 27, 2022 9:42 PM",
🇩🇪,unterstützen,"apoyar a alguien / respaldar a alguien ",,,,Coco Guerra,"February 27, 2022 4:48 PM",
🇩🇪,mitgehen,ir con alguien,,,,Coco Guerra,"February 27, 2022 4:45 PM",
🇩🇪,"der Mitarbeiter ","el colaborador ",Nomen,,Nominativ,Coco Guerra,"February 24, 2022 6:53 PM",
,Früher habe ich das so gemacht…,I used to do that,Satz,,,Coco Guerra,"February 24, 2022 6:33 PM",
🇩🇪,"umbauen ",remodelar algo / modificar algo,Verb,,Akkusativ,Coco Guerra,"February 24, 2022 6:31 PM",
🇩🇪,"mitmachen ",apuntarse a algo / participar en algo,Verb,,Dativ,Coco Guerra,"February 19, 2022 5:33 PM",
🇩🇪,leuchten,"alumbrar ",Verb,,Nominativ,Coco Guerra,"February 19, 2022 3:19 PM",
🇩🇪,der Segen,"la bendición ",Nomen,,Nominativ,Coco Guerra,"February 19, 2022 3:17 PM",
🇩🇪,jein,https://dict.leo.org/spanisch-deutsch/s%C3%AD https://dict.leo.org/spanisch-deutsch/y no,Adverbien,,Nominativ,Coco Guerra,"February 17, 2022 9:24 AM",
🇩🇪,"der Eingang ",entrada,Nomen,,Nominativ,Coco Guerra,"February 15, 2022 11:09 PM",
🇩🇪,"der Ausgang ","salida / éxito ",Nomen,,,Coco Guerra,"February 15, 2022 11:08 PM",
🇩🇪,"schätzen ","apreciar / valorar / honrar algo ",Verb,,Akkusativ,Coco Guerra,"February 15, 2022 11:07 PM",
🇩🇪,https://dict.leo.org/spanisch-deutsch/die Gedenkstätte,monumento conmemorativo / lugar conmemorativo,Nomen,,Nominativ,Coco Guerra,"February 15, 2022 3:16 PM",
🇩🇪,https://dict.leo.org/spanisch-deutsch/anscheinend,por lo visto / aparentemente,Verb,,Nominativ,Coco Guerra,"February 14, 2022 11:17 AM",
🇩🇪,"ausziehen ",quitarse / take off,Verb,,Nominativ,Coco Guerra,"February 13, 2022 4:51 PM",
🇩🇪,das Dorf,pueblo / village,Nomen,,Nominativ,Coco Guerra,"February 13, 2022 4:45 PM",
🇩🇪,einsteigen,embarcar,Verb,,Nominativ,Coco Guerra,"February 13, 2022 4:44 PM",
🇩🇪,der Kreis,"círculo ",Nomen,,Nominativ,Coco Guerra,"February 13, 2022 4:42 PM",
🇩🇪,der Nachname,"apellido / nombre de familia ",Nomen,,Nominativ,Coco Guerra,"February 13, 2022 4:38 PM",
🇩🇪,der Eingang,"entrada ",Nomen,,Nominativ,Coco Guerra,"February 13, 2022 4:37 PM",
🇩🇪,"sich verschlucken ","ahogarse / atragantarse ",Verb,,Akkusativ,Coco Guerra,"February 13, 2022 4:33 PM",
🇩🇪,bedenken,dar las gracias / agradecer  algo a alguien,Verb,,Akkusativ,Coco Guerra,"February 12, 2022 3:07 PM",
🇩🇪,überprüfen,verificar / revisar,Verb,,Akkusativ,Coco Guerra,"February 12, 2022 3:06 PM",
🇩🇪,genauso,al igual que / ni mas ni menos / asimismo / igual de,,,,Coco Guerra,"February 8, 2022 8:05 PM",
🇩🇪,hartnäckig,pertinaz / insistente / recalcitrante,Adjektive,,,Coco Guerra,"February 8, 2022 8:21 AM",
🇬🇧,"gambling ",juegos de azar,Adjektive,,,Coco Guerra,"February 3, 2022 6:22 PM",
🇩🇪,"liefern ",hacer entrega de algo / proporcionar algo / suministrar algo,,,Akkusativ,Coco Guerra,"February 2, 2022 7:32 AM",
🇬🇧,https://dict.leo.org/spanish-english/triage,clasificacion / selección (de urgencias),Verb,,,Coco Guerra,"February 1, 2022 8:31 AM",
🇩🇪,der Müll,el residuo / la basura,Nomen,,Nominativ,Coco Guerra,"January 28, 2022 11:37 AM",
🇩🇪,rausgehen,salir de algo,Verb,,Dativ,Coco Guerra,"January 28, 2022 11:36 AM",
🇩🇪,trennen,separar algo / unir algo,Verb,,Akkusativ,Coco Guerra,"January 28, 2022 11:34 AM",
🇩🇪,spinnen,loquear / hilar algo,,,Akkusativ,Coco Guerra,"January 28, 2022 11:31 AM",
🇩🇪,grillen,https://dict.leo.org/spanisch-deutsch/hacer https://dict.leo.org/spanisch-deutsch/una https://dict.leo.org/spanisch-deutsch/barbacoa,Verb,,Akkusativ,Coco Guerra,"January 28, 2022 8:38 AM",
🇩🇪,die Uhr,"el reloj ",Nomen,,Nominativ,Coco Guerra,"January 27, 2022 8:30 AM",
🇩🇪,"schneiden ","cortar algo ",Verb,,Akkusativ,Coco Guerra,"January 27, 2022 8:26 AM",
🇩🇪,"die Kappe / die Mütze ",la gorra,Nomen,,,Coco Guerra,"January 27, 2022 8:25 AM",
🇩🇪,der Schein,"boleto / billete ",Nomen,,,Coco Guerra,"January 27, 2022 8:22 AM",
🇩🇪,die Pflaume,ciruela,Nomen,,,Coco Guerra,"January 27, 2022 8:21 AM",
🇩🇪,die Auswanderung,la emigración,Nomen,,,Coco Guerra,"January 22, 2022 6:06 AM",
🇩🇪,auswandern,"emigrar / mudarse a otro país ",Verb,,,Coco Guerra,"January 22, 2022 6:05 AM",
🇩🇪,verraten,"delatar / traicionar / vender ",Verb,,,Coco Guerra,"January 21, 2022 7:13 AM",
🇩🇪,der Donner,el trueno,Nomen,,,Coco Guerra,"January 21, 2022 7:12 AM",
🇬🇧,dun,,,,,Coco Guerra,"January 20, 2022 9:05 AM",
🇬🇧,resume,reanudar,Verb,,,Coco Guerra,"January 20, 2022 9:04 AM",
🇬🇧,tense,tiempo verbal,Nomen,,,Coco Guerra,"January 17, 2022 9:25 AM",
🇬🇧,https://dict.leo.org/spanish-english/compelling,irresistible / cautivador,Adjektive,,,Coco Guerra,"January 11, 2022 12:02 PM",
🇩🇪,betragen,ascender a algo / suponer algo,Verb,,,Coco Guerra,"January 11, 2022 9:21 AM",
🇩🇪,geringe,"escaso / poco / flaca ",Adjektive,,,Coco Guerra,"January 9, 2022 10:36 PM",
🇬🇧,selfish,egoísta/interesado,Adjektive,,,Coco Guerra,"January 8, 2022 7:58 AM",
🇬🇧,expedient,"conveniente / idóneo / oportuno ",Adjektive,,,Coco Guerra,"January 8, 2022 7:49 AM",
🇩🇪,https://dict.leo.org/spanisch-deutsch/%C3%BCbertragen,"televisar algo / transmitir algo a través de la televisión ",Verb,,,Coco Guerra,"January 4, 2022 10:46 AM",
🇩🇪,das Amt,el cargo,Nomen,,,Coco Guerra,"January 4, 2022 10:46 AM",
🇩🇪,https://dict.leo.org/spanisch-deutsch/die https://dict.leo.org/spanisch-deutsch/Verteidigung,la defensiva,Nomen,,,Coco Guerra,"January 4, 2022 10:44 AM",
🇩🇪,die Verteidigungsministerin,ministro de defensa,Nomen,,,Coco Guerra,"January 4, 2022 10:44 AM",
🇩🇪,Politikerposten,"puestos politicos ",Nomen,,,Coco Guerra,"January 4, 2022 10:42 AM",
🇩🇪,https://dict.leo.org/spanisch-deutsch/der https://dict.leo.org/spanisch-deutsch/Ablauf,el proceso / el transcurso,Nomen,,,Coco Guerra,"January 2, 2022 11:11 AM",
🇩🇪,https://dict.leo.org/spanisch-deutsch/die https://dict.leo.org/spanisch-deutsch/Verabschiedung,la despedida,Nomen,,,Coco Guerra,"January 2, 2022 11:09 AM",
🇩🇪,die Auszeichnung,la condecoración,Nomen,,,Coco Guerra,"January 2, 2022 11:07 AM",
🇩🇪,https://dict.leo.org/spanisch-deutsch/die https://dict.leo.org/spanisch-deutsch/Fackel,antorcha,Nomen,,,Coco Guerra,"January 2, 2022 11:07 AM",
🇩🇪,bei,,,,,Coco Guerra,"January 2, 2022 10:59 AM",
🇩🇪,https://dict.leo.org/spanisch-deutsch/ehren,honrar algo/a alguien / homenajear algo/a alguien,Verb,,,Coco Guerra,"January 2, 2022 10:57 AM",
🇩🇪,https://dict.leo.org/spanisch-deutsch/der https://dict.leo.org/spanisch-deutsch/Anlass,"la ocasión / el motivo / ",,,,Coco Guerra,"January 2, 2022 10:33 AM",
🇩🇪,https://dict.leo.org/spanisch-deutsch/die https://dict.leo.org/spanisch-deutsch/Ehre,honor,Adjektive,,,Coco Guerra,"January 2, 2022 10:32 AM",
🇩🇪,frühstücken,desayunar,Verb,,,Coco Guerra,"December 28, 2021 6:46 PM",
🇩🇪,beten,"to pay / rezar ",Verb,,,Coco Guerra,"December 28, 2021 6:42 PM",
🇩🇪,https://dict.leo.org/spanisch-deutsch/gro%C3%9Fartig,brillante / estupendo,Adjektive,,,Coco Guerra,"December 25, 2021 12:48 PM",
🇩🇪,selbstbewusst,seguro / confident,,,,Coco Guerra,"December 25, 2021 12:45 PM",
🇩🇪,erforschen,explorar,Verb,,,Coco Guerra,"December 25, 2021 12:40 PM",
🇩🇪,https://dict.leo.org/spanisch-deutsch/der https://dict.leo.org/spanisch-deutsch/Kampf,el combate,Nomen,,,Coco Guerra,"December 25, 2021 12:31 PM",
🇩🇪,anstatt,en lugra de / en vez de,Präposition,,,Coco Guerra,"December 25, 2021 12:29 PM",
🇩🇪,https://dict.leo.org/spanisch-deutsch/der https://dict.leo.org/spanisch-deutsch/Hintergrund,el trasfondo,Nomen,,,Coco Guerra,"December 25, 2021 12:28 PM",
🇩🇪,die https://dict.leo.org/spanisch-deutsch/Ausgangssperre,toque de queda,Nomen,,,Coco Guerra,"December 25, 2021 12:24 PM",
🇩🇪,der Zapfenstreich,toque de queda / hora de dormir,Nomen,,,Coco Guerra,"December 25, 2021 12:21 PM",
🇩🇪,https://dict.leo.org/spanisch-deutsch/die https://dict.leo.org/spanisch-deutsch/Grundausbildung,formación básica,Nomen,,,Coco Guerra,"December 25, 2021 12:19 PM",
🇩🇪,https://dict.leo.org/spanisch-deutsch/die https://dict.leo.org/spanisch-deutsch/Bundeswehr,el ejército,Nomen,,,Coco Guerra,"December 25, 2021 12:17 PM",
🇩🇪,verwenden,use / utilize,Verb,,,Coco Guerra,"December 25, 2021 12:15 PM",
🇩🇪,das Quartier,aposento / habitacion / cuarto,Nomen,,,Coco Guerra,"December 25, 2021 12:13 PM",
🇩🇪,https://dict.leo.org/spanisch-deutsch/der https://dict.leo.org/spanisch-deutsch/S%C3%B6ldner,mercenario,Nomen,,,Coco Guerra,"December 25, 2021 12:12 PM",
🇩🇪,verabschieden,"despedirse / decir adios / despedir ",Verb,,,Coco Guerra,"December 25, 2021 12:05 PM",
🇩🇪,https://dict.leo.org/alem%C3%A1n-espa%C3%B1ol/das https://dict.leo.org/alem%C3%A1n-espa%C3%B1ol/Waschweib,comadre,Nomen,,,Coco Guerra,"December 25, 2021 11:50 AM",
🇩🇪,der Kumpel,compadre,Nomen,,,Coco Guerra,"December 25, 2021 11:49 AM",
🇩🇪,zugehören,pertenecer a,Verb,,,Coco Guerra,"December 16, 2021 7:29 AM",
🇩🇪,feigling,"ser una gallina  / no tener huevos ",Adjektive,,,Coco Guerra,"December 13, 2021 6:43 PM",
🇩🇪,kämpfen,"combatir / pelear ",Verb,,,Coco Guerra,"December 13, 2021 6:43 PM",
🇩🇪,früher,antiguamente / antes,Adjektive,,,Coco Guerra,"December 7, 2021 9:25 AM",
,,,,,,Coco Guerra,"December 6, 2021 5:26 PM",
🇩🇪,die Anbetung,la adoración / latría,Nomen,,,Coco Guerra,"December 6, 2021 5:26 PM",
🇬🇧,lane,carril / via / senda / calzada / callejon,Nomen,,,Coco Guerra,"December 6, 2021 4:22 PM",
🇩🇪,https://dict.leo.org/spanisch-deutsch/beherrschen,controlar,Verb,,,Coco Guerra,"December 6, 2021 11:03 AM",
🇩🇪,der Gemüsegarten,huerto,Nomen,,,Coco Guerra,"December 6, 2021 10:29 AM",
🇩🇪,städtisch,area urbana,Adjektive,,,Coco Guerra,"December 6, 2021 10:29 AM",
🇩🇪,ausruhen,descansar,Verb,,,Coco Guerra,"December 6, 2021 10:27 AM",
🇩🇪,eine Pause machen,descansar,Verb,,,Juan,"December 3, 2021 10:58 PM",
🇬🇧,threshold,limíte / umbral / lindero,,,,Coco Guerra,"December 3, 2021 1:47 PM",
🇩🇪,betreten,unirse a / entrar a,Verb,,,Coco Guerra,"December 2, 2021 3:08 PM",
🇩🇪,https://dict.leo.org/spanisch-deutsch/die https://dict.leo.org/spanisch-deutsch/Klingel,el timbre / la campana,Nomen,,,Coco Guerra,"November 30, 2021 11:36 AM",
🇩🇪,klingen,sonar,Verb,,,Coco Guerra,"November 30, 2021 11:31 AM",
🇩🇪,lautet,decir en voz alta / alta voz,Adjektive,,,Coco Guerra,"November 30, 2021 11:29 AM",
🇩🇪,https://dict.leo.org/spanisch-deutsch/lauten,decir / rezar,Verb,,,Coco Guerra,"November 30, 2021 11:28 AM",
🇬🇧,foresee,prevenir algo / https://dict.leo.org/ingl%C3%A9s-espa%C3%B1ol/prever https://dict.leo.org/ingl%C3%A9s-espa%C3%B1ol/algo,Verb,,,Coco Guerra,"November 29, 2021 12:50 PM",
🇩🇪,https://dict.leo.org/spanisch-deutsch/l%C3%BCgen,mentir,Verb,,,Coco Guerra,"November 28, 2021 7:17 PM",
🇩🇪,https://dict.leo.org/spanisch-deutsch/die https://dict.leo.org/spanisch-deutsch/Leiche,cadáver,,,,Coco Guerra,"November 28, 2021 7:16 PM",
,https://dict.leo.org/spanisch-deutsch/ausziehen,desnudarse / desalojar/ desvestir a alguien,Verb,,,Coco Guerra,"November 28, 2021 7:12 PM",
🇩🇪,https://dict.leo.org/spanisch-deutsch/das https://dict.leo.org/spanisch-deutsch/Gegenteil,el opuesto,Nomen,,,Coco Guerra,"November 28, 2021 7:10 PM",
🇩🇪,https://dict.leo.org/spanisch-deutsch/die https://dict.leo.org/spanisch-deutsch/Gegenwart,el presente,Nomen,,,Coco Guerra,"November 28, 2021 7:09 PM",
,https://dict.leo.org/spanisch-deutsch/%C3%BCbersehen,omitir / descuidar algo,Verb,,,Coco Guerra,"November 28, 2021 7:08 PM",
🇩🇪,https://dict.leo.org/spanisch-deutsch/s%C3%A4en,sembrar algo,Verb,,,Coco Guerra,"November 28, 2021 7:05 PM",
🇩🇪,https://dict.leo.org/spanisch-deutsch/ernten,cosechar,Verb,,,Coco Guerra,"November 28, 2021 7:04 PM",
🇩🇪,https://dict.leo.org/spanisch-deutsch/der https://dict.leo.org/spanisch-deutsch/Teufel,el demonio,Nomen,,,Coco Guerra,"November 28, 2021 6:55 PM",
🇩🇪,https://dict.leo.org/spanisch-deutsch/die https://dict.leo.org/spanisch-deutsch/H%C3%B6lle,el infierno,Nomen,,,Coco Guerra,"November 28, 2021 6:53 PM",
🇩🇪,https://dict.leo.org/spanisch-deutsch/das https://dict.leo.org/spanisch-deutsch/Erwachen,el despertar,Nomen,,,Coco Guerra,"November 24, 2021 12:12 PM",
🇩🇪,https://dict.leo.org/spanisch-deutsch/wunderlich,raro / singular,Adjektive,,,Coco Guerra,"November 18, 2021 10:46 AM",
🇬🇧,facetious,"joking often inappropriately ",Adjektive,,,Coco Guerra,"November 18, 2021 9:25 AM",
🇬🇧,amity,friendship / friendly realtions between nations,Adjektive,,,Coco Guerra,"November 18, 2021 9:09 AM",
🇩🇪,pale,palido,Adjektive,,,Coco Guerra,"October 25, 2021 12:08 PM",
🇬🇧,void,anular algo,Verb,,,Coco Guerra,"October 21, 2021 11:54 AM",
🇬🇧,drowning,ahogando,,,,Coco Guerra,"October 15, 2021 12:30 PM",
🇩🇪,beeindruckend,impressive,Adjektive,,,Coco Guerra,"October 10, 2021 1:15 PM",
🇩🇪,die Entscheidung,"la decisión ",Nomen,,,Coco Guerra,"October 7, 2021 6:12 PM",
🇩🇪,aufregend,emocionante,,,,Coco Guerra,"October 7, 2021 10:02 AM",
🇩🇪,anschließend,seguidamente / a continuación / afterwards,,,,Coco Guerra,"October 7, 2021 9:54 AM",
🇩🇪,das Huhn,la gallina,Nomen,,,Coco Guerra,"October 6, 2021 8:59 AM",
🇩🇪,die Zutat,ingrediente,Nomen,,,Coco Guerra,"October 6, 2021 8:58 AM",
🇩🇪,das Fach,la asignatura,Nomen,,,Coco Guerra,"October 6, 2021 8:55 AM",
🇩🇪,beibringen,enseñar algo a alguien / presentar algo,Verb,,,Coco Guerra,"October 6, 2021 8:54 AM",
🇩🇪,die Nabel,aguja,Nomen,,,Coco Guerra,"October 6, 2021 7:05 AM",
🇩🇪,"die Flüssigkeit ",fluidez,Nomen,,,Coco Guerra,"October 6, 2021 7:02 AM",
🇩🇪,der Klang,"sonido ",Nomen,,,Coco Guerra,"October 6, 2021 6:58 AM",
🇩🇪,fürchten,be afraid / asustarse,Verb,,,Coco Guerra,"September 29, 2021 3:53 PM",
🇩🇪,versprechen,promise,Verb,,,Coco Guerra,"September 29, 2021 3:53 PM",
🇩🇪,reinkommen,come in / get it,Verb,,,Coco Guerra,"September 29, 2021 3:52 PM",
🇩🇪,die Reinigung,limpieza,Nomen,,,Coco Guerra,"September 29, 2021 3:52 PM",
🇩🇪,betrügen,cheat / engañar,Verb,,,Coco Guerra,"September 29, 2021 3:52 PM",
🇩🇪,"der Schritt ",fase / etapa / paso,Nomen,,,Coco Guerra,"September 24, 2021 7:10 PM",
🇩🇪,der Hinweis,indicio / alusión / idea,,,,Coco Guerra,"September 22, 2021 2:55 PM",
🇩🇪,außerdem,además / a todo esto,Adverbien,,,Coco Guerra,"September 21, 2021 9:04 AM",
🇩🇪,unfassbar,increíble / incomprensible,Adjektive,,,Coco Guerra,"September 21, 2021 9:03 AM",
🇬🇧,leak,"fuga / filtración ",,,,Coco Guerra,"September 20, 2021 1:00 PM",
🇩🇪,naja,well / bueno,Adverbien,,,Coco Guerra,"September 18, 2021 1:46 PM",
🇩🇪,damals,por entonces,Adverbien,,,Coco Guerra,"September 18, 2021 1:43 PM",
🇩🇪,Anfängerin,novata / principianta,,,,Coco Guerra,"September 18, 2021 12:51 PM",
🇩🇪,der Alltag,vida cotidiana / la rutina,,,,Coco Guerra,"September 18, 2021 12:50 PM",
🇩🇪,ängstlich,miedoso,Adjektive,,,Coco Guerra,"September 18, 2021 12:49 PM",
🇩🇪,die Heirat,el casamiento,Nomen,,,Coco Guerra,"September 18, 2021 12:25 PM",
🇩🇪,heiraten,casarse,Verb,,,Coco Guerra,"September 18, 2021 12:25 PM",
🇩🇪,untergehen,descender,Verb,,,Coco Guerra,"September 18, 2021 12:21 PM",
🇩🇪,periódicamente,regelmäßig,Adverbien,,,Coco Guerra,"September 18, 2021 10:01 AM",
🇩🇪,gefühlsmäßig,emocionalmente / intuitivamente,Adverbien,,,Coco Guerra,"September 18, 2021 9:54 AM",
🇬🇧,Rehearsal,ensayo,Verb,,,Coco Guerra,"September 17, 2021 12:23 PM",
🇩🇪,dahin,allá,Adjektive,,,Coco Guerra,"September 17, 2021 9:42 AM",
🇩🇪,die Tannen,abeto / árbol,Adjektive,,,Coco Guerra,"September 17, 2021 9:41 AM",
🇬🇧,nitpick,quisquilloso,Nomen,,,Coco Guerra,"September 14, 2021 3:13 PM",
🇬🇧,narrow,"estrecho, estrecha",Adjektive,,,Coco Guerra,"September 14, 2021 9:29 AM",
🇩🇪,weitergehen,continuar,Verb,,,Coco Guerra,"September 14, 2021 9:28 AM",
🇩🇪,"behandeln ",tratar algo/a alguien,Verb,,,Coco Guerra,"September 8, 2021 1:58 PM",
🇩🇪,das Pathos,enfasis,Nomen,,,Coco Guerra,"September 1, 2021 6:51 PM",
🇩🇪,betonen,emfatizar,Verb,,,Coco Guerra,"September 1, 2021 6:51 PM",
🇩🇪,bestellen,ordenar algo / pedir algo / reservar algo,,,,Coco Guerra,"August 30, 2021 11:54 AM",
🇩🇪,melden,ponerse en contacto con alguien / denunciar algo / avisar,,,,Coco Guerra,"August 30, 2021 11:52 AM",
🇩🇪,anbieten,ofrecer,Verb,,,Coco Guerra,"August 30, 2021 11:49 AM",
🇩🇪,gerade,right now,,,,Coco Guerra,"August 30, 2021 11:49 AM",
🇩🇪,vergnüglich,agradable / divertido / entretenido,,,,Coco Guerra,"August 30, 2021 11:43 AM",
🇩🇪,das Fest,fiesta / festejo,Nomen,,,Coco Guerra,"August 30, 2021 11:43 AM",
🇩🇪,begrüßen,dar la bienvenida / saludor,,,,Coco Guerra,"August 30, 2021 11:42 AM",
🇩🇪,der Brauch,costumbre,Nomen,,,Coco Guerra,"August 30, 2021 11:41 AM",
🇩🇪,außerordentlich,extraordinario / a,Adjektive,,,Coco Guerra,"August 30, 2021 11:39 AM",
🇩🇪,gastfreundlich.,hospitalario,Adjektive,,,Coco Guerra,"August 30, 2021 11:39 AM",
🇩🇪,der Bescheid,el aviso,Nomen,,,Coco Guerra,"August 30, 2021 11:38 AM",
🇩🇪,die Menge,multitud / montón,Nomen,,,Coco Guerra,"August 30, 2021 11:38 AM",
🇩🇪,beworben,solicitar algo / hacer publicidad de algo,Verb,,,Coco Guerra,"August 30, 2021 11:37 AM",
🇩🇪,die Ankunft,llegada,Nomen,,,Coco Guerra,"August 30, 2021 11:36 AM",
🇩🇪,der Mund,boca,Nomen,,,Coco Guerra,"August 30, 2021 11:35 AM",
🇩🇪,schließlich,al fin / finalmente,Adverbien,,,Coco Guerra,"August 30, 2021 11:34 AM",
🇩🇪,starrten,mirar fijamente / tener la mirada perdida,Verb,,,Coco Guerra,"August 30, 2021 11:34 AM",
🇩🇪,stehen,estar de pie,Verb,,,Coco Guerra,"August 30, 2021 11:34 AM",
🇩🇪,die Landschaft,el paisaje,Nomen,,,Coco Guerra,"August 30, 2021 11:33 AM",
🇩🇪,anstellen,hacer cola / ponerse en fila,,,,Coco Guerra,"August 30, 2021 11:32 AM",
🇩🇪,übrig,sobrante,Adjektive,,,Coco Guerra,"August 30, 2021 11:30 AM",
🇩🇪,kräftig,fuerte / vigoroso,,,,Coco Guerra,"August 30, 2021 11:28 AM",
🇩🇪,fressen,devorar,Verb,,,Coco Guerra,"August 30, 2021 11:24 AM",
🇩🇪,die Peitsche,látigo,Nomen,,,Coco Guerra,"August 30, 2021 11:24 AM",
🇩🇪,der Schinken,jamón,Nomen,,,Coco Guerra,"August 30, 2021 11:23 AM",
🇩🇪,verschlagen,"astuto, astuta",Adjektive,,,Coco Guerra,"August 30, 2021 11:21 AM",
🇩🇪,hinterteil,parte trasera / nalgas,Nomen,,,Coco Guerra,"August 30, 2021 11:19 AM",
🇩🇪,Vermutlich,presumiblemente,Adjektive,,,Coco Guerra,"August 30, 2021 11:17 AM",
🇩🇪,der Satz,oración / movimiento,Verb,,,Coco Guerra,"August 30, 2021 11:16 AM",
🇩🇪,mächtig,enorme,Adjektive,,,Coco Guerra,"August 30, 2021 11:15 AM",
🇩🇪,der Wolf,lobo,Nomen,,,Coco Guerra,"August 30, 2021 11:15 AM",
🇩🇪,entkommen,escaparse,Verb,,,Coco Guerra,"August 30, 2021 11:14 AM",
🇩🇪,entdecken,descubrir algo/a alguien / explorar,Verb,,,Coco Guerra,"August 30, 2021 11:13 AM",
🇩🇪,unruhig,"inquieto, inquieta",Adjektive,,,Coco Guerra,"August 30, 2021 11:11 AM",
🇩🇪,tief,"profundo, profunda",Adjektive,,,Coco Guerra,"August 30, 2021 11:10 AM",
🇩🇪,traben,trotar,Verb,,,Coco Guerra,"August 30, 2021 11:09 AM",
🇩🇪,spannen,tensar algo / montar algo / tender algo,Verb,,,Coco Guerra,"August 30, 2021 11:08 AM",
🇩🇪,der Pferdeschlitten,trineo,Nomen,,,Coco Guerra,"August 30, 2021 11:06 AM",
🇩🇪,besorgen,gestionar algo / procurar algo,Verb,,,Coco Guerra,"August 30, 2021 11:05 AM",
🇩🇪,nämlich,es decir,Adjektive,,,Coco Guerra,"August 30, 2021 11:02 AM",
🇩🇪,frieren,freír / freírse,Verb,,,Coco Guerra,"August 30, 2021 11:02 AM",
🇬🇧,overlap,saliente / superposicion / reborde,,,,Coco Guerra,"August 27, 2021 9:05 AM",
🇩🇪,die Tischlerei,carpintería,Nomen,,,Coco Guerra,"August 26, 2021 12:46 PM",
🇩🇪,der Angestellte,empleado,Nomen,,,Coco Guerra,"August 26, 2021 12:43 PM",
🇩🇪,der Lieferant,proveedor,Nomen,,,Coco Guerra,"August 26, 2021 12:42 PM",
🇩🇪,,,,,,Coco Guerra,"August 26, 2021 12:41 PM",
🇩🇪,das Unternehmen,negocio / buisiness,Nomen,,,Coco Guerra,"August 26, 2021 12:41 PM",
🇩🇪,die Unterlage,documento / el documennto,Nomen,,,Coco Guerra,"August 26, 2021 12:40 PM",
🇬🇧,stakeholder,accionista,,,,Coco Guerra,"August 24, 2021 9:46 AM",
🇬🇧,grooming,"acicalamiento / aseo / cuidado corporal / limipieza ",,,,Coco Guerra,"August 24, 2021 9:15 AM",
🇩🇪,klug,smart,Adjektive,,,Coco Guerra,"August 23, 2021 6:55 PM",
🇩🇪,die Sprachen,idiomas,Nomen,,,Coco Guerra,"August 23, 2021 6:54 PM",
🇩🇪,drüben,over there,Adverbien,,,Coco Guerra,"August 23, 2021 6:50 PM",
🇩🇪,reich,rich,Adjektive,,,Coco Guerra,"August 23, 2021 6:48 PM",
🇩🇪,teuer,expensive,Adjektive,,,Coco Guerra,"August 23, 2021 6:48 PM",
🇬🇧,leak,derramarse / salirse / producirse una fuga,,,,Coco Guerra,"August 23, 2021 6:15 PM",
🇬🇧,tub,bañera,Nomen,,,Coco Guerra,"August 23, 2021 6:15 PM",
🇬🇧,furthermore,es más,Adjektive,,,Coco Guerra,"August 23, 2021 6:09 PM",
🇩🇪,abgeschlossen,completed,Verb,,,Coco Guerra,"August 23, 2021 4:51 PM",
🇩🇪,,,,,,Coco Guerra,"August 23, 2021 4:51 PM",
🇩🇪,der Zufall,coincidencia,Nomen,,,Coco Guerra,"August 23, 2021 11:51 AM",
🇩🇪,bemerken,darse cuenta de algo,Verb,,,Coco Guerra,"August 21, 2021 1:02 PM",
🇩🇪,rumlaufen,walk around,Verb,,,Coco Guerra,"August 17, 2021 8:32 AM",
🇬🇧,chilly,Gélido / helado,Adjektive,,,Coco Guerra,"August 16, 2021 11:35 AM",
🇩🇪,das Verständnis,la comprension,Nomen,,,Coco Guerra,"August 16, 2021 9:33 AM",
🇩🇪,unheimlich,escalofríante,Adjektive,,,Coco Guerra,"August 16, 2021 9:30 AM",
🇩🇪,"Du fehlst mir ","te extraño ",Satz,,,Coco Guerra,"August 15, 2021 7:20 AM",
🇩🇪,"Ich vermisse dich ","te extraño ",Satz,,,Coco Guerra,"August 15, 2021 7:20 AM",
🇩🇪,eher,más bien,Adjektive,,,Coco Guerra,"August 10, 2021 10:38 AM",
🇩🇪,"das Kraftfahrzeug ","vehículo / seguro de responsabilidad civil de automóviles ",Nomen,,,Coco Guerra,"August 8, 2021 3:16 PM",
🇩🇪,das Schauspielhaus,teatro,Nomen,,,Coco Guerra,"August 8, 2021 3:15 PM",
🇩🇪,arm,Pobre,Adjektive,,,Coco Guerra,"August 8, 2021 2:58 PM",
🇩🇪,die Ausstechformen,cortador de galletas,Nomen,Küchengeräte,,Coco Guerra,"August 4, 2021 11:42 AM",
🇩🇪,die Obstkuchenform,molde de pastel de frutas,Nomen,Küchengeräte,,Coco Guerra,"August 4, 2021 11:41 AM",
🇩🇪,die Pastetenform,Molde de pastel,Nomen,Küchengeräte,,Coco Guerra,"August 4, 2021 11:29 AM",
🇩🇪,der Messbecher,el vaso-medida,Nomen,Küchengeräte,,Coco Guerra,"August 4, 2021 11:27 AM",
🇩🇪,die Haushaltswaage,balanza de cocina,Nomen,Küchengeräte,,Coco Guerra,"August 4, 2021 11:26 AM",
🇩🇪,die Kasserolle,la cacerola,Nomen,Küchengeräte,,Coco Guerra,"August 4, 2021 11:25 AM",
🇩🇪,das Kuchenförmchen,estuches para tartas,Nomen,Küchengeräte,,Coco Guerra,"August 4, 2021 11:24 AM",
🇩🇪,die Hitzebeständigkeit,resistencia al calor,Nomen,Küchengeräte,,Coco Guerra,"August 4, 2021 11:23 AM",
🇩🇪,die Auflaufform,el molde (para horno),Nomen,Küchengeräte,,Coco Guerra,"August 4, 2021 11:22 AM",
🇩🇪,der Schmortopf,cazuela de barro,Nomen,Küchengeräte,,Coco Guerra,"August 4, 2021 11:21 AM",
🇩🇪,die Antihaftbeschichtung,recubrimiento antiadherente,Nomen,Küchengeräte,,Coco Guerra,"August 4, 2021 11:20 AM",
🇩🇪,der Wok,wok,Nomen,Küchengeräte,,Coco Guerra,"August 4, 2021 11:19 AM",
🇩🇪,das Grillblech,parrilla,Nomen,Küchengeräte,,Coco Guerra,"August 4, 2021 11:17 AM",
🇩🇪,"fahren ",circular / riding to,Verb,,,Coco Guerra,"August 3, 2021 4:21 PM",
🇩🇪,die Laune,humor / estado de ánimo / mood,Nomen,,Nominativ,Coco Guerra,"August 3, 2021 2:44 PM",
🇩🇪,abhängen,depender,Verb,,,Coco Guerra,"August 3, 2021 2:32 PM",
🇩🇪,verbringen,"pasar tiempo ",Verb,,,Coco Guerra,"August 3, 2021 9:31 AM",
🇩🇪,"schaffen ",manejar algo / poner remedio a algo,Verb,,,Coco Guerra,"August 3, 2021 9:30 AM",
🇩🇪,"ankommen ",llegar / arribar / depender de,Verb,,,Coco Guerra,"August 3, 2021 9:28 AM",
🇩🇪,"die Erfahrung ","experiencia ",Nomen,,,Coco Guerra,"August 3, 2021 9:16 AM",
🇩🇪,"ausgesprochen ","pronunciar ",Verb,,,Coco Guerra,"August 3, 2021 9:11 AM",
🇬🇧,"appliance ","electrodoméstico / aparato / enseres ",,,,Coco Guerra,"August 2, 2021 11:00 AM",
🇩🇪,bestätigen,cofirmar,Verb,,,Coco Guerra,"July 31, 2021 10:31 AM",
🇩🇪,"das Benehmen ","comportamiento ",Nomen,,,Coco Guerra,"July 30, 2021 2:43 PM",
🇩🇪,solche,"tal / semejante ",Adjektive,,,Coco Guerra,"July 30, 2021 2:42 PM",
🇩🇪,die Weide,"pradera / pastizal ",Nomen,,,Coco Guerra,"July 30, 2021 7:09 AM",
🇩🇪,"einsetzen ","implantar algo ",Verb,,,Coco Guerra,"July 30, 2021 7:08 AM",
🇩🇪,"der Hirte ",pastor,Nomen,,,Coco Guerra,"July 30, 2021 7:06 AM",
🇩🇪,aufsuchen,"visitar a alguien ",Verb,,,Coco Guerra,"July 30, 2021 7:05 AM",
🇩🇪,die Herde,rebaño,Nomen,,,Coco Guerra,"July 30, 2021 7:04 AM",
🇩🇪,nachschauen,mirar algo,Verb,,,Coco Guerra,"July 29, 2021 4:57 PM",
🇩🇪,freuen,alegrarse,Verb,,,Coco Guerra,"July 29, 2021 11:03 AM",
🇩🇪,bestanden,"aprobado / pasado / ganando ",Verb,,,Coco Guerra,"July 29, 2021 11:01 AM",
🇬🇧,naïve,cándido / ingenuo,Adjektive,,,Coco Guerra,"July 29, 2021 9:20 AM",
🇬🇧,outsized,decomunal,Adjektive,,,Coco Guerra,"July 27, 2021 1:20 PM",
🇩🇪,schießen,disparar,Verb,,,Coco Guerra,"July 27, 2021 12:09 PM",
🇩🇪,hängen,colgar,Verb,,,Coco Guerra,"July 27, 2021 12:08 PM",
🇩🇪,wegschmolz,derretirse,Verb,,,Coco Guerra,"July 27, 2021 12:06 PM",
🇩🇪,kopfüber,al revés,Adverbien,,,Coco Guerra,"July 27, 2021 12:06 PM",
🇩🇪,der Wetterhahn,veleta,Nomen,,,Coco Guerra,"July 27, 2021 11:59 AM",
🇩🇪,die Kirchturmspitze,punta del campanario,Nomen,,,Coco Guerra,"July 27, 2021 11:57 AM",
🇩🇪,das Wiehern,el relincho,Nomen,,,Coco Guerra,"July 27, 2021 11:56 AM",
🇩🇪,zappeln,patalear,Verb,,,Coco Guerra,"July 27, 2021 11:56 AM",
🇩🇪,wiehern,relinchar,Verb,,,Coco Guerra,"July 27, 2021 11:55 AM",
🇩🇪,das Blinzeln,el parpadeo,Nomen,,,Coco Guerra,"July 27, 2021 11:54 AM",
🇩🇪,blinzeln,parpadear,Verb,,,Coco Guerra,"July 27, 2021 11:53 AM",
🇩🇪,lebendig,viviente,Adjektive,,,Coco Guerra,"July 27, 2021 11:43 AM",
🇩🇪,fühlen,experimentar algo / sentir algo,Verb,,,Coco Guerra,"July 27, 2021 11:43 AM",
🇩🇪,weggehen,go away,Verb,,,Coco Guerra,"July 27, 2021 11:41 AM",
🇩🇪,der Friedhof,campo santo / cementerio,Nomen,,,Coco Guerra,"July 27, 2021 11:40 AM",
🇩🇪,mitten,en medio de,Präposition,,,Coco Guerra,"July 27, 2021 11:39 AM",
🇩🇪,umschauen,mirar alrededor,Verb,,,Coco Guerra,"July 27, 2021 11:39 AM",
🇩🇪,reiben,frotar algo,Verb,,,Coco Guerra,"July 27, 2021 11:38 AM",
🇩🇪,tief,hondo / profundo,Adjektive,,,Coco Guerra,"July 27, 2021 11:36 AM",
🇩🇪,heraussuchen,entrasalir / florecer / entresacar,Verb,,,Coco Guerra,"July 27, 2021 11:32 AM",
🇩🇪,der Ast,gajo / sepo / nudo,Nomen,,,Coco Guerra,"July 27, 2021 11:28 AM",
🇩🇪,binde,atar algo,Verb,,,Coco Guerra,"July 27, 2021 11:28 AM",
🇩🇪,steigen,desmontar / ascender,Verb,,,Coco Guerra,"July 27, 2021 11:27 AM",
🇩🇪,schneelandschaft,paisaje nevado,Adjektive,,,Coco Guerra,"July 27, 2021 11:19 AM",
🇩🇪,nun,ahora / y bien / pues / en fin / desde ahora en adelante,Adjektive,,,Coco Guerra,"July 27, 2021 11:17 AM",
🇩🇪,reiten,cabalgar / ride a horse,Verb,,,Coco Guerra,"July 27, 2021 11:17 AM",
🇩🇪,begraben,sepultar a alguien / enterrear a algo/alguien,Verb,,,Coco Guerra,"July 27, 2021 11:14 AM",
🇩🇪,die Schneedecke,capa de nieve,Nomen,,,Coco Guerra,"July 27, 2021 11:13 AM",
🇩🇪,dick,grueso,Adjektive,,,Coco Guerra,"July 27, 2021 11:12 AM",
🇩🇪,anzuziehen,verstirse,Verb,,,Coco Guerra,"July 27, 2021 11:11 AM",
🇩🇪,dünn,flaco / delgado,Adjektive,,,Coco Guerra,"July 27, 2021 11:00 AM",
🇩🇪,sonst,"normalmente / por lo demás ",Adjektive,,,Coco Guerra,"July 27, 2021 10:59 AM",
🇩🇪,staubig,polvorientas,Adjektive,,,Coco Guerra,"July 27, 2021 10:57 AM",
🇩🇪,frieren,freeze,Verb,,,Coco Guerra,"July 27, 2021 10:56 AM",
🇩🇪,ausgesucht,"seleccionado ",Verb,,,Coco Guerra,"July 27, 2021 10:54 AM",
🇩🇪,Reisezeit,travel time,Nomen,,,Coco Guerra,"July 27, 2021 10:53 AM",
🇩🇪,aufmachten,encaminarse a / emprender camino a...,Verb,,,Coco Guerra,"July 27, 2021 10:52 AM",
🇩🇪,eisig kalter,icy cold,Adjektive,,,Coco Guerra,"July 27, 2021 10:51 AM",
🇩🇪,eisig,frígido / glacial / helado / gélido,Adjektive,,,Coco Guerra,"July 27, 2021 10:50 AM",
🇬🇧,"rather ","más bien / en lugar de esto / por el contrario / al contrario / precisamente ",Adjektive,,,Coco Guerra,"July 26, 2021 2:14 PM",
🇩🇪,"beschäftigen ",ocuparse / entretenerse / emplear /  preocupar,,,,Coco Guerra,"July 26, 2021 8:13 AM",
🇩🇪,"die Abstimmung ","el linaje ",Nomen,,,Coco Guerra,"July 26, 2021 7:24 AM",
🇩🇪,einander,"recíprocamente / mutuamente ",Präposition,,,Coco Guerra,"July 25, 2021 3:52 PM",
🇩🇪,"befinden ","estar / hallarse / encontrase / ubicarse ",Verb,,,Coco Guerra,"July 25, 2021 3:46 PM",
🇩🇪,"fortsetzen ",continuar algo,Verb,,,Coco Guerra,"July 25, 2021 9:20 AM",
🇩🇪,"der Inhalt ","contenido / índice ",Nomen,,,Coco Guerra,"July 25, 2021 9:19 AM",
🇩🇪,"das Lesezeichen ","separador / bookmark/ señalador de lectura ",Nomen,,,Coco Guerra,"July 25, 2021 9:17 AM",
🇩🇪,der Wortschatz,vocabulario,Nomen,,,Coco Guerra,"July 23, 2021 2:44 PM",
🇩🇪,"Auf Wiederhören ",Hasta la próxima (cuando es audio),Satz,Telefonieren,,Coco Guerra,"July 23, 2021 2:37 PM",
🇩🇪,Einen Moment bitte,"Un momento por favor ",Satz,Telefonieren,,Coco Guerra,"July 23, 2021 2:35 PM",
🇩🇪,"Wie buchstabiert man das? ",¿Cómo se deletrea?,Satz,Telefonieren,,Coco Guerra,"July 23, 2021 2:34 PM",
🇩🇪,"Mit wem sprechen ich? ",¿Con quién hablo?,,Telefonieren,,Coco Guerra,"July 23, 2021 2:30 PM",
🇩🇪,"Wer ist am Apparat? ",¿Con quién hablo?,Satz,Telefonieren,,Coco Guerra,"July 23, 2021 2:27 PM",
🇩🇪,Lass uns später telefonieren,Let's talk later on the phone,Satz,Telefonieren,,Coco Guerra,"July 23, 2021 2:18 PM",
🇩🇪,Das war's,That's it,Satz,Telefonieren,,Coco Guerra,"July 23, 2021 2:18 PM",
🇩🇪,Meine Schwester hat mich gestern angerufen,My sister called me yesterday,Satz,Telefonieren,,Coco Guerra,"July 23, 2021 2:16 PM",
🇩🇪,Ich beende das Telefonat,I finish the call,Satz,Telefonieren,,Coco Guerra,"July 23, 2021 2:16 PM",
🇩🇪,Ich telefoniere,I'm on the phone,Satz,Telefonieren,,Coco Guerra,"July 23, 2021 2:15 PM",
🇩🇪,Ich lege auf,I am hanging up,Satz,Telefonieren,,Coco Guerra,"July 23, 2021 2:15 PM",
🇩🇪,Ich gehe an Telefon ran,I'm answering the phone,Satz,Telefonieren,,Coco Guerra,"July 23, 2021 2:14 PM",
🇩🇪,Mein Handly klingelt,My cell phone is ringing / mi telefono está sonando,Satz,Telefonieren,,Coco Guerra,"July 23, 2021 2:12 PM",
🇩🇪,Ich werde angerufen,I am getting a call / me están llamando,Satz,Telefonieren,,Coco Guerra,"July 23, 2021 2:10 PM",
🇩🇪,weinen,llorar,Verb,,,Coco Guerra,"July 23, 2021 2:03 PM",
🇩🇪,"lustig ",divertido,Adjektive,,,Coco Guerra,"July 23, 2021 1:58 PM",
🇩🇪,zugehören,pertenecer a,Verb,,,Coco Guerra,"July 23, 2021 1:03 PM",
🇩🇪,verfügbar,disponible,Adjektive,,,Coco Guerra,"July 23, 2021 12:51 PM",
🇩🇪,die Vorschau,"previsión / vista previa ",Nomen,,,Coco Guerra,"July 22, 2021 9:55 AM",
🇬🇧,assessment,evaluación / estimación,Nomen,,,Coco Guerra,"July 22, 2021 9:51 AM",
🇬🇧,Rough,estimado / aproximado / rudo / aspero,Adjektive,,,Coco Guerra,"July 22, 2021 8:50 AM",
🇩🇪,die Ampel,semáforo,Nomen,,,Coco Guerra,"July 21, 2021 11:47 AM",
🇩🇪,brechen,romper algo,Verb,,,Coco Guerra,"July 21, 2021 11:45 AM",
🇩🇪,die Sperrstunde,hora de cierre,Nomen,,,Coco Guerra,"July 21, 2021 11:44 AM",
🇩🇪,die Pünktlichkeit,puntualidad,Nomen,,,Coco Guerra,"July 21, 2021 11:43 AM",
🇩🇪,der Striche,raya,Nomen,,,Coco Guerra,"July 19, 2021 6:34 PM",
🇩🇪,die Sackgasse,callejón sin salida,Nomen,,,Coco Guerra,"July 19, 2021 6:34 PM",
🇩🇪,der Schlamm,fango,Nomen,,,Coco Guerra,"July 19, 2021 6:33 PM",
🇩🇪,matschig,fangoso,Adjektive,,,Coco Guerra,"July 19, 2021 6:32 PM",
🇩🇪,die Aussicht,vista,Nomen,,,Coco Guerra,"July 19, 2021 6:30 PM",
🇩🇪,die Seilbahn,teleférico / instalación de transporte por cable,Nomen,,,Coco Guerra,"July 19, 2021 6:29 PM",
🇬🇧,backfire,detonar,Verb,,,Coco Guerra,"July 19, 2021 10:54 AM",
🇬🇧,slate,"pizarra ",Nomen,,,Coco Guerra,"July 19, 2021 10:51 AM",
🇩🇪,die Bewegung,"movimiento ",Nomen,,,Coco Guerra,"July 17, 2021 9:57 PM",
🇬🇧,cue,advertencia / alusión / señal,,,,Coco Guerra,"July 15, 2021 10:38 AM",
🇬🇧,wise,inteligente / prudente,Adjektive,,,Coco Guerra,"July 15, 2021 10:27 AM",
🇩🇪,der Klimawandel,cambio climático,Nomen,,,Coco Guerra,"July 14, 2021 3:16 PM",
🇩🇪,heftig,impetuoso,Adjektive,,,Coco Guerra,"July 14, 2021 3:14 PM",
🇩🇪,die Überschwemmung,la inundación,Nomen,,,Coco Guerra,"July 14, 2021 2:54 PM",
🇩🇪,brauner,de color marrón,Adjektive,,,Coco Guerra,"July 14, 2021 2:49 PM",
🇩🇪,der Verkehr,tráfico / circulación,Nomen,,,Coco Guerra,"July 14, 2021 2:46 PM",
🇩🇪,überschwemmt,inundado / inundada,Adjektive,,,Coco Guerra,"July 14, 2021 2:44 PM",
🇬🇧,lesser,inferior / menor,Adjektive,,,Coco Guerra,"July 13, 2021 11:10 AM",
🇬🇧,to stare,mirar boquiabierto,Verb,,,Coco Guerra,"July 13, 2021 8:44 AM",
🇩🇪,die Sendung,emisión / transmisor,Nomen,,,Coco Guerra,"July 12, 2021 7:05 PM",
🇩🇪,die Werbung,anuncio publicitario,Nomen,,,Coco Guerra,"July 12, 2021 7:03 PM",
🇩🇪,beziehungsweise,mejor dicho / respectivamente / entiendase,Adjektive,,,Coco Guerra,"July 12, 2021 6:50 PM",
🇩🇪,"schlimm ","malo / feo / horrible ",Adjektive,,,Coco Guerra,"July 12, 2021 2:17 PM",
🇩🇪,bezogen,"relativo a ",Adjektive,,,Coco Guerra,"July 12, 2021 2:16 PM",
🇩🇪,"der Gegenstand ","artículo / objeto ",Nomen,,,Coco Guerra,"July 12, 2021 2:15 PM",
🇩🇪,"das Lebewesen ","criatura / ser viviente ",Nomen,,,Coco Guerra,"July 12, 2021 2:14 PM",
🇩🇪,"denen ","(a) los cuales / las cuales ",Pronomen,,Dativ,Coco Guerra,"July 12, 2021 12:05 PM",
🇩🇪,der Bauch,vientre,Nomen,,,Coco Guerra,"July 11, 2021 10:15 AM",
🇩🇪,"das Gefühl ","sentimiento / feeling ",Nomen,,,Coco Guerra,"July 11, 2021 10:14 AM",
🇩🇪,"führen ",guiar algo / dirigir algo,Verb,,,Coco Guerra,"July 11, 2021 10:14 AM",
🇩🇪,hässlich,feo,Adjektive,,,Coco Guerra,"July 11, 2021 10:13 AM",
🇩🇪,der Erfolg,"éxito ",Nomen,,,Coco Guerra,"July 11, 2021 10:05 AM",
🇩🇪,"mindestens / zumindest / wenigstens ","al menos / at least ",Adjektive,,,Coco Guerra,"July 11, 2021 10:01 AM",
🇩🇪,klappen,"funcionar / work / work out ",Verb,,,Coco Guerra,"July 11, 2021 9:53 AM",
🇩🇪,stolz,orgullosa / orgulloso,Adjektive,,,Coco Guerra,"July 11, 2021 9:51 AM",
🇩🇪,deshalb,por eso / thats why,Pronominal,,,Coco Guerra,"July 10, 2021 7:49 PM",
🇩🇪,deswegen,por eso / thats why,Adverbien,,,Coco Guerra,"July 10, 2021 7:49 PM",
🇩🇪,Wonach?,after what?,Satz,Frage,,Coco Guerra,"July 10, 2021 7:42 PM",
🇩🇪,danach,after that,Pronominal,Frage,,Coco Guerra,"July 10, 2021 7:38 PM",
🇩🇪,wofür,for what,Pronominal,Frage,,Coco Guerra,"July 10, 2021 7:36 PM",
🇩🇪,worum,about what,Pronominal,Frage,,Coco Guerra,"July 10, 2021 7:36 PM",
🇩🇪,"woneben ",wherefore,Pronominal,Frage,,Coco Guerra,"July 10, 2021 7:35 PM",
🇩🇪,woran,where of,Pronominal,Frage,,Coco Guerra,"July 10, 2021 7:35 PM",
🇩🇪,wodurch,whereby,Pronominal,Frage,,Coco Guerra,"July 10, 2021 7:35 PM",
🇩🇪,wohinter,wherebehind,Pronominal,Frage,,Coco Guerra,"July 10, 2021 7:35 PM",
🇩🇪,worüber,whereat,Pronominal,Frage,,Coco Guerra,"July 10, 2021 7:35 PM",
🇩🇪,woraus,from what,Pronominal,Frage,,Coco Guerra,"July 10, 2021 7:34 PM",
🇩🇪,wogegen,against what,Pronominal,Frage,,Coco Guerra,"July 10, 2021 7:34 PM",
🇩🇪,worauf,on what,Pronominal,Frage,,Coco Guerra,"July 10, 2021 7:34 PM",
🇩🇪,worunter,under what,Pronominal,Frage,,Coco Guerra,"July 10, 2021 7:34 PM",
🇩🇪,worin,wherein,Pronominal,Frage,,Coco Guerra,"July 10, 2021 7:34 PM",
🇩🇪,wobei,whereby,Pronominal,Frage,,Coco Guerra,"July 10, 2021 7:33 PM",
🇩🇪,wovon,whereof,Pronominal,Frage,,Coco Guerra,"July 10, 2021 7:33 PM",
🇩🇪,darum,therefor / por eso / por lo tanto,Pronominal,Frage,,Coco Guerra,"July 10, 2021 7:33 PM",
🇩🇪,womit,wherewith,Pronominal,Frage,,Coco Guerra,"July 10, 2021 7:33 PM",
🇩🇪,dafür,for this,Pronominal,Frage,,Coco Guerra,"July 10, 2021 7:33 PM",
🇩🇪,dadurch,thereby / through that,Pronominal,Frage,,Coco Guerra,"July 10, 2021 7:32 PM",
🇩🇪,dazu,para ello / de eso / a ese fin / to this,Pronominal,Frage,,Coco Guerra,"July 10, 2021 7:32 PM",
🇩🇪,darüber,about this,Pronominal,Frage,,Coco Guerra,"July 10, 2021 7:32 PM",
🇩🇪,daran,en esto / at it / thereto,Pronominal,Frage,,Coco Guerra,"July 10, 2021 7:31 PM",
🇩🇪,dahinter,behind it,Pronominal,Frage,,Coco Guerra,"July 10, 2021 7:31 PM",
🇩🇪,daneben,next to it,Pronominal,Frage,,Coco Guerra,"July 10, 2021 7:31 PM",
🇩🇪,darunter,of which,Pronominal,Frage,,Coco Guerra,"July 10, 2021 7:31 PM",
🇩🇪,dagegen,against it,Pronominal,Frage,,Coco Guerra,"July 10, 2021 7:31 PM",
🇩🇪,darauf,por lo tanto / thus / therefore,Pronominal,Frage,,Coco Guerra,"July 10, 2021 7:30 PM",
🇩🇪,daraus,from this,Pronominal,Frage,,Coco Guerra,"July 10, 2021 7:30 PM",
🇩🇪,darin,therein,Pronominal,Frage,,Coco Guerra,"July 10, 2021 7:30 PM",
🇩🇪,damit,with this,Pronominal,Frage,,Coco Guerra,"July 10, 2021 7:30 PM",
🇩🇪,dabei,thereby / con esto / con ello / con esto / inclusive,Pronominal,Frage,,Coco Guerra,"July 10, 2021 7:30 PM",
🇩🇪,davon,thereof,Pronominal,Frage,,Coco Guerra,"July 10, 2021 7:29 PM",
🇩🇪,Wie alt?,How old?,Satz,Frage,,Coco Guerra,"July 10, 2021 7:21 PM",
🇩🇪,Welcher?,Which? / ¿Cuál?,Präposition,Frage,,Coco Guerra,"July 10, 2021 7:20 PM",
🇩🇪,Wen?,Whom? / ¿A quién?,Präposition,Frage,Akkusativ,Coco Guerra,"July 10, 2021 7:17 PM",
🇩🇪,Weshalb?,For what reason? / ¿por qué razón?,Satz,Frage,,Coco Guerra,"July 10, 2021 7:15 PM",
🇩🇪,Wieso?,why ever? / ¿pués cómo?,Satz,Frage,,Coco Guerra,"July 10, 2021 7:13 PM",
🇩🇪,Wie oft?,How often? / ¿Cuán seguido?,Satz,Frage,,Coco Guerra,"July 10, 2021 7:13 PM",
🇩🇪,Seit wann?,Since when? / ¿Desde cuándo?,Satz,Frage,,Coco Guerra,"July 10, 2021 7:12 PM",
🇩🇪,Wessen?,Whose? / ¿De quién?,Satz,Frage,Genitiv,Coco Guerra,"July 10, 2021 7:11 PM",
🇩🇪,Wem?,To whome? / ¿A quién?,Satz,Frage,Dativ,Coco Guerra,"July 10, 2021 7:11 PM",
🇩🇪,Worüber?,About what? / ¿De qué?,Satz,Frage,,Coco Guerra,"July 10, 2021 7:10 PM",
🇩🇪,Wofür?,For what? / ¿Para qué?,,Frage,,Coco Guerra,"July 10, 2021 7:10 PM",
🇩🇪,Worum...?,¿De qué va?,Satz,Frage,,Coco Guerra,"July 10, 2021 7:09 PM",
🇩🇪,Woher?,Where from? / ¿De dónde?,Adverbien,Frage,,Coco Guerra,"July 10, 2021 7:07 PM",
🇩🇪,Mit wem?,With who? / ¿Con quién?,Präposition,Frage,,Coco Guerra,"July 10, 2021 7:07 PM",
🇩🇪,Wohin?,Where to? / ¿A dónde?,Adverbien,Frage,,Coco Guerra,"July 10, 2021 7:06 PM",
🇩🇪,Wie lange...?,How long? / ¿Cuánto tiempo hace?,Satz,Frage,,Coco Guerra,"July 10, 2021 7:05 PM",
🇩🇪,Wie viele...?,How many? / ¿Cuánto?,Präposition,Frage,,Coco Guerra,"July 10, 2021 7:05 PM",
🇩🇪,Was für...?,¿Cuál?,Präposition,Frage,,Coco Guerra,"July 10, 2021 7:04 PM",
🇩🇪,Wieviel?,How much? / ¿Cuánto?,Präposition,Frage,,Coco Guerra,"July 10, 2021 7:04 PM",
🇩🇪,Warum?,Why? / ¿Por qué?,Adverbien,Frage,,Coco Guerra,"July 10, 2021 7:03 PM",
🇩🇪,Wann?,When? / ¿Cuándo?,Adverbien,Frage,,Coco Guerra,"July 10, 2021 7:02 PM",
🇩🇪,Wie?,How? / ¿Cómo?,Adverbien,Frage,,Coco Guerra,"July 10, 2021 7:01 PM",
🇩🇪,Wer?,Who? / ¿Quién?,Präposition,Frage,Nominativ,Coco Guerra,"July 10, 2021 7:01 PM",
🇩🇪,Was?,What? / ¿Qué?,Präposition,Frage,,Coco Guerra,"July 10, 2021 7:00 PM",
🇩🇪,Wo?,Where? / ¿Dónde?,Adverbien,Frage,,Coco Guerra,"July 10, 2021 6:59 PM",
🇩🇪,die Magenspiegelung,endoscopía,Nomen,,,Coco Guerra,"July 10, 2021 2:04 PM",
🇩🇪,die Darmspiegelung,colonoscopia,Nomen,,,Coco Guerra,"July 10, 2021 2:03 PM",
🇩🇪,"das Einzelkind ","Hijo único ",Nomen,,,Coco Guerra,"July 9, 2021 7:55 PM",
🇩🇪,faul,"perezosa ",Adjektive,,,Coco Guerra,"July 9, 2021 10:22 AM",
🇩🇪,"das Krankenhaus ","Hospital ",Nomen,,,Coco Guerra,"July 9, 2021 10:22 AM",
🇬🇧,I'll get evenn,me vengaré,Satz,,,Coco Guerra,"July 8, 2021 10:13 PM",
🇩🇪,"ausreichend ","suficiente / suficientemente ",Adjektive,,,Coco Guerra,"July 8, 2021 5:09 PM",
🇬🇧,"jiffy ","en un instante ",Nomen,,,Coco Guerra,"July 8, 2021 11:44 AM",
🇬🇧,"cunning ","engañar ",Verb,,,Coco Guerra,"July 8, 2021 11:43 AM",
🇬🇧,rip off,abuso,Verb,,,Coco Guerra,"July 8, 2021 11:41 AM",
🇬🇧,"spare ",dejar algo de sobra,Verb,,,Coco Guerra,"July 8, 2021 11:40 AM",
🇬🇧,despite,a pesar de,Präposition,,,Coco Guerra,"July 8, 2021 11:30 AM",
🇬🇧,coupled,acoplado a,Verb,,,Coco Guerra,"July 8, 2021 11:23 AM",
🇬🇧,lend,dejar algo a alguien / prestar algo a alguien / otorgar algo,Verb,,,Coco Guerra,"July 8, 2021 11:08 AM",
🇬🇧,spot,punto / lugar / sitio / ubicación,Nomen,,,Coco Guerra,"July 8, 2021 10:53 AM",
🇬🇧,bloat,hinchar algo / hincharse,Verb,,,Coco Guerra,"July 8, 2021 10:52 AM",
🇬🇧,lush,abundante / exuberante,Adjektive,,,Coco Guerra,"July 8, 2021 10:48 AM",
🇬🇧,abide,acatar algo / ceñirse a algo,Verb,,,Coco Guerra,"July 8, 2021 10:25 AM",
🇬🇧,hence,por consiguiente / por ello / por lo tanto,Verb,,,Coco Guerra,"July 8, 2021 10:21 AM",
🇩🇪,Das Beste Kommt nocht,Lo mejor está por llegar,Satz,,,Coco Guerra,"July 7, 2021 10:32 AM",
🇩🇪,das Wissen,conocimiento,Nomen,,,Coco Guerra,"July 7, 2021 9:31 AM",
🇩🇪,anwenden,emplear algo / usar algo,Verb,,,Coco Guerra,"July 7, 2021 9:28 AM",
🇬🇧,fond,loco / apasionado,Adjektive,,,Coco Guerra,"July 7, 2021 9:27 AM",
🇩🇪,confuso,verwirrend,Adjektive,,,Coco Guerra,"July 7, 2021 9:27 AM",
🇬🇧,shepherd,ovejero / pastor,Nomen,,,Coco Guerra,"July 6, 2021 7:27 PM",
🇩🇪,der Schluck,sorbo / bocanada / trago,Nomen,,,Coco Guerra,"July 6, 2021 12:35 PM",
🇩🇪,der Bauch,panza / barriga / vientre / abdomen,Nomen,,,Coco Guerra,"July 6, 2021 12:34 PM",
🇬🇧,greed,codicia / ambición,Adjektive,,,Coco Guerra,"July 5, 2021 11:15 AM",
🇩🇪,jubeln,regocijarse,Verb,,,Coco Guerra,"July 5, 2021 7:13 AM",
🇩🇪,Fromm,beato / santo / devoto / piadoso,Nomen,,,Coco Guerra,"July 5, 2021 7:12 AM",
🇩🇪,die Gerechtigkeit,"equidad / justicia ",Nomen,,,Coco Guerra,"July 5, 2021 7:09 AM",
🇩🇪,bekleiden,revestir a alguien con algo,Verb,,,Coco Guerra,"July 5, 2021 7:07 AM",
🇩🇪,berechne,calcular algo / contar algo,Verb,,,Coco Guerra,"July 3, 2021 2:48 PM",
🇩🇪,steuern,controlar algo / maniobrar algo,Verb,,,Coco Guerra,"July 3, 2021 2:48 PM",
🇬🇧,drift,ir a la deriva,Verb,,,Coco Guerra,"July 2, 2021 10:55 PM",
🇬🇧,to shed,extraviar / suprimir algo,Verb,,,Coco Guerra,"July 2, 2021 10:54 PM",
🇬🇧,shed,almacen / choza / depósito,Nomen,,,Coco Guerra,"July 2, 2021 10:41 PM",
🇬🇧,crowd,multitud,Nomen,,,Coco Guerra,"July 2, 2021 10:40 PM",
🇩🇪,der Rucksack,mochila,Nomen,,,Coco Guerra,"July 2, 2021 10:01 PM",
🇩🇪,"wecken ","wake ",Verb,,,Coco Guerra,"July 2, 2021 8:21 PM",
🇩🇪,aufwecken,wake up,Verb,,,Coco Guerra,"July 2, 2021 8:20 PM",
🇩🇪,"umgangssprachlich ","coloquial ",Adjektive,,,Coco Guerra,"July 2, 2021 8:20 PM",
🇩🇪,"Impfstoff ",Vacuna,Nomen,,,Coco Guerra,"July 2, 2021 7:58 PM",
🇩🇪,anders,"distinto ",Adjektive,,,Coco Guerra,"July 2, 2021 7:57 PM",
🇩🇪,unterschiedlich,diferente,Adjektive,,,Coco Guerra,"July 2, 2021 7:57 PM",
🇩🇪,die Hornhautverkrümmung,astigmatismo,Nomen,,,Coco Guerra,"July 2, 2021 7:56 PM",
🇩🇪,"der Unterschied ","la diferencia ",Nomen,,,Coco Guerra,"July 2, 2021 7:55 PM",
🇩🇪,"Schlummern ",Pospuesta / snoozed,Verb,,,Coco Guerra,"July 2, 2021 7:55 PM",
🇩🇪,"ungefähr ","alrededor de / cerca / aproximadamente ",Adjektive,,,Coco Guerra,"July 2, 2021 7:54 PM",
🇩🇪,"die Gehirnerschütterung ","Contusion cerebral ",Nomen,,,Coco Guerra,"July 2, 2021 7:53 PM",
🇩🇪,"die Einführung ","Introducción ",Nomen,,,Coco Guerra,"July 2, 2021 7:52 PM",
🇩🇪,dreckig,"sucio  / dirty ",Adjektive,,,Coco Guerra,"July 2, 2021 7:52 PM",
🇩🇪,"der Bruch ","fractura / fracción ",Nomen,,,Coco Guerra,"July 2, 2021 7:52 PM",
🇩🇪,krumm,"torcido / crooked ",Adjektive,,,Coco Guerra,"July 2, 2021 7:50 PM",
🇩🇪,abschließen,"To close something / cerrar algo ",Verb,,,Coco Guerra,"July 2, 2021 7:50 PM",
🇩🇪,die Herausforderung,"desafío / reto ",Nomen,,,Coco Guerra,"July 2, 2021 7:49 PM",
🇩🇪,"soweit ich weiß ","as far as I know ",Satz,,,Coco Guerra,"July 2, 2021 7:49 PM",
🇩🇪,"ursprünglich ","originario / oriundo ",Adjektive,,,Coco Guerra,"July 2, 2021 7:48 PM",
🇩🇪,"offensichtlich ","obvio / obviamente ",Adjektive,,,Coco Guerra,"July 2, 2021 7:48 PM",
🇩🇪,"schwitzen ",sudar / to sweat,Verb,,,Coco Guerra,"July 2, 2021 7:47 PM",
🇩🇪,"sowas / so etwas ","Like this / algo así / something like that ",Satz,,,Coco Guerra,"July 2, 2021 7:46 PM",
🇬🇧,"stoning ","impresionante ",Adjektive,,,Coco Guerra,"July 2, 2021 3:46 PM",
🇩🇪,"prost ","cheers / salud ",Verb,,,Coco Guerra,"July 2, 2021 9:41 AM",
🇩🇪,"besetzen ",Ocupar algo,Verb,,,Coco Guerra,"July 1, 2021 9:57 PM",
🇬🇧,breeze,brisa / pan comido / suspiro,Verb,,,Coco Guerra,"July 1, 2021 9:56 PM",
🇩🇪,angeblich,"supuestamente / presuntamente ",Adjektive,,,Coco Guerra,"June 30, 2021 6:32 PM",
🇩🇪,das Loch,agujero / hoyo,Nomen,,,Coco Guerra,"June 28, 2021 9:46 PM",
🇩🇪,die Schere,tijeras / pinza / tenaza,Nomen,,,Coco Guerra,"June 28, 2021 9:45 PM",
🇩🇪,die Schublade,caja / cajón / gaveta,Nomen,,,Coco Guerra,"June 28, 2021 7:13 PM",
🇬🇧,"wrinkles ",arrugas / pliegues,Nomen,,,Coco Guerra,"June 28, 2021 12:34 PM",
🇩🇪,die Richtung,dirección,Nomen,,,Coco Guerra,"June 28, 2021 12:34 PM",
🇩🇪,die Angabe,indicación,Nomen,,,Coco Guerra,"June 28, 2021 12:34 PM",
🇬🇧,thumb,dedo gordo,Nomen,,,Coco Guerra,"June 28, 2021 8:56 AM",
🇬🇧,forearm,antebrazo,Nomen,,,Coco Guerra,"June 28, 2021 8:51 AM",
🇩🇪,fleißig,diligente / trabajador,Adjektive,,,Coco Guerra,"June 28, 2021 8:51 AM",
🇩🇪,humorlos,sin sentido del humor,Adjektive,,,Coco Guerra,"June 28, 2021 8:51 AM",